University Name,URL,Type
Baldwin-Wallace Conservatory of Music,,Conservatory
Bard College Conservatory of Music,,Conservatory
Boston Conservatory at Berklee,,Conservatory
Conservatory of Music of Puerto Rico,,Conservatory
Lawrence Conservatory of Music,,Conservatory
New England Conservatory of Music,,Conservatory
Oberlin Conservatory,,Conservatory
Peabody Conservatory,,Conservatory
San Francisco Conservatory of Music,,Conservatory
Shenandoah Conservatory,,Conservatory
University of Cincinnati College-Conservatory of Music,,Conservatory
Wheaton College Conservatory of Music,,Conservatory
